participant,time,motion.clause,motion.verb,path,ground,constr.type
120,1,&um Mr Bean trep(a) [/] trepa del coche &um,trepar,del,coche,motion_path_ground
120,1,&um Mr Bean &um sube el calle &um pero &um us(a) [/] usa solamente un pie,subir,,el calle,motion_ground
120,1,&um Mr Bean corre en el centro comercial &um &um y con un bolso &um,correr,en,el centro comercial,motion_path_ground
120,1,&um Mr Bean corre en su habitación &um con mucho alegre y &um,correr,en,su habitaci√≥n,motion_path_ground
120,1,&um Mr Bean vuelve al habitación &um por la pasilla [*] ,volver,al,habitaci√≥n,motion_path_ground
121,1,&um Mr Bean entre [: entra] [*] el tren,entrar,,el tren,motion_ground
121,1,&um señor Bean corre cerca de la piscina &um para el trampolín,correr,cerca de,la piscina,motion_path_ground
121,1,señor Bean &um escape [: escapa] [*] el coche por la (1)ventana,escapar,,el coche,motion_ground
121,1,&um señor Bean camina en la calle con uno p(ie) [/] pie,caminar,en,la calle,motion_path_ground
121,1,&um señor Bean corre <en el> [//] en la tienda de [//] del centro comercial ,correr,en ,la tienda,motion_path_ground
121,1,&um se√±or Bean entra &um el agua de la piscina &um,entrar,,el agua,motion_ground
121,1,señor Bean &um caminé [: camina] [*] por el túnel ,caminar,por,el t√∫nel,motion_path_ground
121,1,&um señor Bean &um sa(le) [/] sale la habitación ,salir,,la habitaci√≥n,motion_ground
121,1,&um el perro corre cerca de la (1)ovejas,correr,cerca de,la ovejas,motion_path_ground
122,1,&um señor Bean camina por la puerta de [//] del tren,caminar,por,la puerta,motion_path_ground
126,1,el perro está corriendo con las (1)ovejas,correr,,,motion
127,1,Mr Bean corre en la calle ,correr,en,la calle,motion_path_ground
127,1,él corre en el túnel,correr,en,el t√∫nel,motion_path_ground
127,1,él perro corre a las (1)ovejas ,correr,a,las ovejas,motion_path_ground
127,1,&um señor Bean camine a un carretera,caminar,a,un carretera,motion_path_ground
128,1,&um y señor Bean &um camin(a) [//] camine [/] &um camine a las escaleras ,caminar,a,las escaleras,motion_path_ground
128,1,<señor Bean corre para su coche> [/] <señor Bean corre para su coche> [/] señor Bean corre para su coche,correr,para,su coche,motion_path_ground
128,1,señor Bean corre en el túnel porque no gusta la música,correr,en,el t√∫nel,motion_path_ground
129,1,señor Bean está tratando de escapar de su coche (1)verde ,escapar,de,su coche,motion_path_ground
129,1,porque no quiere caer al [//] a la piscina,caer,a,la piscina,motion_path_ground
129,1,no quiero entrar en el agua ,entrar,en,el agua,motion_path_ground
129,1,entra [//] entró el tren a tiempo,entrar,,el tren,motion_ground
129,1,me parece que no [/] no puedo entrar en el tren,entrar,en,el tren,motion_path_ground
129,1,está caminando por la carretera,caminar,por,la carretera,motion_path_ground
129,1,y un otro hombre está caminando por un túnel,caminar,por,un t√∫nel,motion_path_ground
129,1,señor Bean está caminando por &um las escaleras,caminar,por,las escaleras,motion_path_ground
130,1,señor Bean está saltando en la cama ,saltar,en,la cama,motion_path_ground
130,1,Mr Bean corre a trampolín,correr,a,trampol√≠n,motion_path_ground
130,1,&um Mr Bean fue &um del (1)ventanilla,ir,del,ventanilla,motion_path_ground
130,1,fue en el (1)ventanilla,ir,en,el ventanilla,motion_path_ground
130,1,Mr Bean pasea en un pie en la calle,pasear,en,un pie,motion_path_ground
130,1,y Mr Bean corre # en el centro comercial ,correr,en,el centro comercial,motion_path_ground
130,1,&um Mr Bean camina a un carretera,caminar,a,un carretera,motion_path_ground
130,1,&um Mr Bean pasea en [//] dentre [: dentro] [*] de un túnel ,pasear,dentro de,un t√∫nel,motion_path_ground
130,1,y Mr Bean # descende [: desciende] [*] los [//] o las escaleras ,descender,,las escaleras,motion_ground
130,1,Mr Bean &um corre,correr,,,motion
130,1,Mr Bean &um aborda el tren,abordar,,el tren,motion_ground
130,1,hay un tren llegando,llegar,,,motion
132,1,&um Mr Bean camina a un carretera,caminar,a,un carretera,motion_path_ground
132,1,&um Mr Bean sale por [/] &um por la (1)ventana de su coche,salir,por,la ventana,motion_path_ground
132,1,&um Mr Bean camina por la carretera ,caminar,por,la carretera,motion_path_ground
132,1,&um el coche(cito) [/] cochecito sube por el cielo,subir,por,el cielo,motion_path_ground
132,1,&um y despu√©s se cae en el agua en la piscina,caer,en,la piscina,motion_path_ground
132,1,y [/] y (1)va hacia la barrera,ir,hacia,la barrera,motion_path_ground
132,1,&um Mr Bean está corriendo afuera [//] para afuera de su habitación,correr,para afuera de,su habitaci√≥n,motion_path_ground
132,1,&um el perro corre hacia las (1)ovejas en el (2)video,correr,hacia,las ovejas,motion_path_ground
132,1,&um Mr Bean entra por la puerta en el tren,entrar,por,la puerta,motion_path_ground
132,1,&um Mr Bean <se sienta> [/] se sienta en la cama,sentar,en,la cama,motion_path_ground
132,1,y &um está saltando encima de la cama,saltar,encima de ,la cama,motion_path_ground
132,1,&um Mr Bean salta por <el andén> [//] <la andén> [//] el andén,saltar,por,el and√©n,motion_path_ground
135,1,&um Mr Bean está caminando por el túnel ,caminar,por,el t√∫nel,motion_path_ground
135,1,y &um corre &um rápidamente,correr,,,motion
135,1,con solamente &um una pie &um Mr Bean camina por la calle &um muy rápido,caminar,por,la calle,motion_path_ground
135,1,y solamente Mr Bean entra el centro comercial,entrar,,el centro comercial,motion_ground
135,1,&um y Mr Bean camina muy rápido,caminar,,,motion
135,1,&um y corre por su habitación &um rápidamente,correr,por,su habitaci√≥n,motion_path_ground
135,1,Mr Bean corre por una carretera [/] carretera,correr,por,una carretera,motion_path_ground
135,1,&um y xxx de los globos y cochecito &um (1)viaje [//] (2)viaja por el cielo,viajar,por,el cielo,motion_path_ground
135,1,pero &um Mr Bean cae en la agua del [//] de la piscina sí,caer,en,el agua,motion_path_ground
135,1,pero llega &um delante de una &um barrera,llegar,delante de,una barrera,motion_path_ground
135,1,Mr Bean &um camina por el túnel &um después de &um (1)ve un hombre,caminar,por,el t√∫nel,motion_path_ground
135,1,entonces en silencio Mr Bean irse &um &um,ir,,,motion
135,1,Mr Bean sale [//] salirse de la habitaci√≥n,salir,de,la habitaci√≥n,motion_path_ground
135,1,el perro corre con muchas (1)ovejas &um cerca de una fiesta,correr,cerca de,una fiesta,motion_path_ground
135,1,&um Mr Bean salta &um sobre la cama &um muchas (1)veces,saltar,sobre,la cama,motion_path_ground
136,1,y corre al lado <del agua> [//] de la agua,correr,al lado de,el agua,motion_path_ground
136,1,señor Bean usa la (1)ventana para llegar el coche,llegar,,el coche,motion_ground
136,1,señor Bean camina en el túnel,caminar,en,el t√∫nel,motion_path_ground
136,1,&um señor Bean camina en las escaleras,caminar,en,las escaleras,motion_path_ground
136,1,&um señor Bean &um (1)va en el tren,ir,en,el tren,motion_path_ground
137,1,señor Bean corre para el trampolín,correr,para,el trampol√≠n,motion_path_ground
137,1,y saque [: sale] [*] por la (1)ventana,salir,por,la ventana,motion_path_ground
137,1,él camina para la casa ,caminar,para,la casa,motion_path_ground
137,1,él camine [//] camina por la calle con uno pie en un aire,caminar,por,la calle,motion_path_ground
137,1,se√±or Bean camina por la car(retera) [/] carretera solo,caminar,por,la carretera,motion_path_ground
137,1,cayó en el agua de la piscina,caer,en,el agua,motion_path_ground
138,1,está tratando de salir del coche por la (1)ventana ,salir,del,coche,motion_path_ground
138,1,está caminando afuera en la carretera disfrutando de la (1)vista,caminar,afuera en,la carretera,motion_path_ground
138,1,&um un cociito [: cochecito] [*] está (1)volando en el cielo en globos,volar,en,el cielo,motion_path_ground
138,1,mientras caminar [//] camina por el túnel ,caminar,por,el t√∫nel,motion_path_ground
138,1,él sube al tren,subir,al,tren,motion_path_ground
138,1,está corriendo para el trampolín,correr,para,el trampol√≠n,motion_path_ground
138,1,está corriendo al centro comercial,correr,al,centro comercial,motion_path_ground
140,1,está bajando escaleras,bajar,,las escaleras,motion_ground
140,1,Mr Bean sale a la coche por [/] por la (1)ventana en la calle,salir,a,la coche,motion_path_ground
140,1,Mr Bean &um corre en [/] en un pie [/] pie en [/] en la calle con muchas personas otras,correr,en,la calle,motion_path_ground
140,1,Mr Bean &um camina en la carretera cerca de una montaña,caminar,en,la carretera,motion_path_ground
140,1,Mr Bean &um camina en [/] en un saco cerca de el barrera ,caminar,en,un saco,motion_path_ground
140,1,Mr Bean &um camina &um <en la> [/] en la escalera ,caminar,en,la escalera,motion_path_ground
140,1,el perro &um está corriendo de las (1)ovejas,correr,de,las ovejas,motion_path_ground
140,1,en este (1)video Mr Bean &um entra &um al tren,entrar,al,tren,motion_path_ground
141,1,cuando entre [: entra] [*] la piscina,entrar,,la piscina,motion_ground
141,1,&um entonces Mr Bean corre a la trampolín ,correr,a,la trampol√≠n,motion_path_ground
141,1,y entre [: entra] [*] la piscina con el trampolín,entrar,,la piscina,motion_ground
141,1,y él quiere salir un coche,salir,,un coche,motion_ground
141,1,&um √©l use [//] usa la (1)ventana de la coche escapar &um,escapar,,,motion
141,1,y él brinca,brincar,,,motion
141,1,y &um baila,bailar,,,motion
141,1,y corre en su cuarto ,correr,en,su cuarto,motion_path_ground
141,1,y él camina &um en el piso,caminar,en,el piso,motion_path_ground
141,1,Mr Bean &um camina por un túnel ,caminar,por,un t√∫nel,motion_path_ground
141,1,Mr Bean &um camina debajo las escaleras,caminar,debajo,las escaleras,motion_path_ground
141,1,primero Mr Bean &um senta [: sienta] [*] en la cama,sentar,en,la cama,motion_path_ground
143,1,&um y entonces está corriendo a la trampolín,correr,a,la trampol√≠n,motion_path_ground
143,1,cuando se cayó en el agua,caer,en,el agua,motion_path_ground
143,1,y corre afuera de la puerta,correr, afuera de,la puerta,motion_path_ground
143,1,&um cuando [/] cuando se salió,salir,,,motion
145,1,él tiene que usar la (1)ventana de su coche para salir,salir,,,motion
145,1,el se√±or Bean se muve [: (1)mueve] [*] &um por el calle,mover,por,el calle,motion_path_ground
145,1,el cochecito en este (1)video (2)va arriba al cielo,ir,arriba al,cielo,motion_path_ground
145,1,entonces √©l se cae en la piscina con el agua,caer,en,la piscina,motion_path_ground
145,1,se muve [: se (1)mueve] [*] para <un barrera> [//] la barrera,mover,para,la barrera,motion_path_ground
145,1,el señor Bean (1)va por un túnel ,ir,por,un t√∫nel,motion_path_ground
145,1,él salta en la cama ,saltar,en,la cama,motion_path_ground
146,1,&um pero tiene que bajar el trampolín,bajar,,el trampol√≠n,motion_ground
146,1,él está caminando,caminar,,,motion
146,1,&um y está volando en el cielo,volar,en,el cielo,motion_path_ground
146,1,y señor Bean &um caminando por un túnel ,caminar,por,un t√∫nel,motion_path_ground
146,1,&um  y estaba corriendo,correr,,,motion
147,1,&um Mr Bean sale &um sale su coche y pero por la venta [: (1)ventana] [*],salir,,su coche,motion_ground
147,1,&um Mr Bean &um es &um camina [/] camina en la calle,caminar,en ,la calle,motion_path_ground
147,1,&um Mr Bean entra en el centro comercial,entrar,en,el centro comercial,motion_path_ground
147,1,Mr Bean camina [/] camina en un carretera (1)vacío,caminar,en,un carretera,motion_path_ground
147,1,&um Mr Bean &um sub(e) [/] sube en el cielo con el cochecito,subir,en,el cielo,motion_path_ground
147,1,<y le> [//] y Mr Bean sub(e) [/] sube con los globos,subir,,,motion
147,1,Mr Bean &um se cae en la piscina,caer,en,la piscina,motion_path_ground
147,1,y él le cae de el trampolín,caer,de,el trampol√≠n,motion_path_ground
148,1,&um Mr Bean &um sale &um &um el coche,salir,,el coche,motion_ground
148,1,y &um camina a su casa,caminar,a,su casa,motion_path_ground
148,1,&um señor Bean &um sale su habitación,salir,,su habitaci√≥n,motion_ground
148,1,el perro &um &um &um corre &um cerca de las (1)ovejas,correr,cerca de,las ovejas,motion_path_ground
148,1,&um señor Bean &um corre &um del [/] del tren,correr,del,tren,motion_path_ground
149,1,&um Mr Bean está saliendo su carro [//] su coche,salir,,su coche,motion_ground
149,1,y corriendo &um cerca de su cama ,correr,cerca de,su cama,motion_path_ground
149,1,pero solamente caminando ,caminar,,,motion
149,1,y cayó en el agua en la piscina,caer,en,el agua,motion_path_ground
149,1,está saliendo a su habitación,salir,a,su habitaci√≥n,motion_path_ground
149,1,&um en este (1)video Mr Bean &um (2)va a llegar un tren ,llegar,,un tren,motion_ground
149,1,él está llegando a su trabajo,llegar,a,su trabajo,motion_path_ground
149,1,Mr Bean llega [//] llegue el tren,llegar,,el tren,motion_ground
149,1,&um Mr Bean está corriendo &um en su cuarto ,correr,en,su cuarto,motion_path_ground
151,1,y cae <en el> [//] en la agua,caer,en,el agua,motion_path_ground
151,1,mientras que camina entre un túnel ,caminar,entre,un t√∫nel,motion_path_ground
151,1,todavía en su traje Mr Bean camina debajo las escaleras grandes,caminar,debajo,las escaleras,motion_path_ground
151,1,y empieza a brincar ,brincar,,,motion
153,1,señor Bean (1)va al trampolín &um escalera,ir,al,trampol√≠n,motion_path_ground
153,1,señor Bean baila en la habitación ,bailar,en,la habitaci√≥n,motion_path_ground
153,1,señor Bean camina en una carretera ,caminar,en,una carretera,motion_path_ground
153,1,el cochecito vole [: (1)vuela] [*] en el cielo con los globos,volar,en,el cielo,motion_path_ground
153,1,éll naga [: nada] [*]  en la piscina,nadar,en,la piscina,motion_path_ground
153,1,señor Bean entra el túnel,entrar,,el t√∫nel,motion_ground
153,1,señor Bean baja las escaleras ,bajar,,las escaleras,motion_ground
153,1,&um señor Bean (1)va sobre el tren,ir,sobre,el tren,motion_path_ground
153,1,señor Bean baila sobre <el andén> [//] la andén xxx ,bailar,sobre,la and√©n,motion_path_ground
154,1,y Mr Bean es el primer a entrar al comer(cial) [//] centro comercial ,entrar,al,centro comercial,motion_path_ground
154,1,y &um y cae <en la agua> [//] en el agua,caer,en,el agua,motion_path_ground
154,1,y está (1)moviendo &um cerca de una barrera roja ,mover,cerca de,una barrera,motion_path_ground
154,1,que alguien puede entrar al otro lado del barrera,entrar,al otro lado del,barrera,motion_path_ground
154,1,y &um empieza caminar por el túnel,caminar,por,el t√∫nel,motion_path_ground
154,1,en este (1)video Mr Bean está saliendo de su habitación,salir,de,su habitaci√≥n,motion_path_ground
154,1,y al fin cuando sale su habitación,salir,,su habitaci√≥n,motion_ground
154,1,&um está corriendo muy rápido,correr,,,motion
120,2,&um Mr Bean entra en un fotomatón &um,entrar,en,un fotomat√≥n,motion_path_ground
120,2,&um señor Bean &um trepa las escaleras,trepar,,las escaleras,motion_ground
120,2,&um Mr Bean entra su habitación,entrar,,su habitaci√≥n,motion_ground
120,2,&um el hombre caseo [: se cae] [*] por el suelo um y es [//] están muy mal um,caer,por,el suelo,motion_path_ground
121,2,&um señor Bean camina en el andén,caminar,en,el and√©n,motion_path_ground
121,2,&um se√±or Bean entrena [: entra] [*] a un fotomatón,entrar,a,un fotomat√≥n,motion_path_ground
121,2,&um señor Bean &um camina <a su> [//] a la [//] las escaleras,caminar,a,las escaleras,motion_path_ground
121,2,&um señor Bean sale un coche &um él cierra la puerta de la coche,salir,,un coche,motion_ground
121,2,&um el hombre &um camina cerca señor Bean,caminar,cerca,se√±or Bean,motion_path_ground
125,2,Mr Bean corre al tobogán,correr,al,tobog√°n,motion_path_ground
125,2,Mr Bean camina por la puerta en la habitación y,caminar,por,la puerta,motion_path_ground
127,2,señor Bean baila en la calle,bailar,en,la calle,motion_path_ground
127,2,y entre [: entra] [*] en la habitación,entrar,en,la habitaci√≥n,motion_path_ground
127,2,está bailando con la música,bailar,,,motion
127,2,porque él camine [/] camine,caminar,,,motion
128,2,&um señor Bean baila en su cama,bailar,en,su cama,motion_path_ground
128,2,o señor Bean (1)viaja para su habitación ,viajar,para,su habitaci√≥n,motion_path_ground
128,2,señor Bean &um camina,caminar,,,motion
128,2,señor Bean &um entra su habitación,entrar,,su habitaci√≥n,motion_ground
128,2,señor Bean baila en su cama,bailar,en,su cama,motion_path_ground
128,2,señor Bean camina en el andén del tren,caminar,en,el and√©n,motion_path_ground
128,2,señor Bean entra en la fotomatón ,entrar,en,la fotomat√≥n,motion_path_ground
128,2,y baila en el andén de tren,bailar,en,el and√©n,motion_path_ground
130,2,&um porque está saltando en la cama,saltar,en,la cama,motion_path_ground
130,2,cuando sale de la habitación ,salir,de,la habitaci√≥n,motion_path_ground
130,2,Mr Bean (1)va a una tienda,ir,a,una tienda,motion_path_ground
130,2,Mr Bean &um sale del habitación ,salir,del,habitaci√≥n,motion_path_ground
132,2,&um Mr Bean entra en el fotomatón,entrar,en ,el fotomat√≥n,motion_path_ground
132,2,&um y sale de su coche,salir,de,su coche,motion_path_ground
132,2,que se cae en el suelo,caer,en,el suelo,motion_path_ground
132,2,y baila en la calle,bailar,en,la calle,motion_path_ground
132,2,y sube las escaleras,subir,,las escaleras,motion_ground
135,2,en esta escena &um Mr Bean entra [//] se entra en un fotomatón,entrar,en,un fotomat√≥n,motion_path_ground
135,2,Mr Bean anda sobre los [//] las escaleras,andar,sobre,las escaleras,motion_path_ground
135,2,Mr Bean entra &um una tienda,entrar,,una tienda,motion_ground
135,2,Mr Bean está bailando en la plaza,bailar,en,la plaza,motion_path_ground
136,2,&um señor Bean corre a el tobogán,correr,a,el tobog√°n,motion_path_ground
136,2,porque Mr Bean corre a la puerta,correr,a,la puerta,motion_path_ground
136,2,porque un hombre cae a el suelo,caer,a,el suelo,motion_path_ground
136,2,señor Bean camina en el habitación,caminar,en,el habitaci√≥n,motion_path_ground
137,2,él sale su dormitorio ,salir,,su dormitorio,motion_ground
137,2,señor Bean camina,caminar,,,motion
137,2,señor Bean camina por el andén,caminar,por,el and√©n,motion_path_ground
137,2,señor Bean camina por la piscina,caminar,por,la piscina,motion_path_ground
137,2,señor Bean corre para el tobogán,correr,para,el tobog√°n,motion_path_ground
137,2,señor Bean llega a su habitación ,llegar,a,su habitaci√≥n,motion_path_ground
137,2,señor Bean va al hotel por las escaleras [/] escaleras ,ir,al,hotel,motion_path_ground
137,2,un hombre se cae,caer,,,motion
137,2,y camina para el fotomatón ,caminar,para,el fotomat√≥n,motion_path_ground
137,2,señor Bean llega a el andén,llegar,a,el and√©n,motion_path_ground
138,2,él entro [: entrar] [*] de fotomatón,entrar,de,fotomat√≥n,motion_path_ground
138,2,el hombre cae al suelo ,caer,al,suelo,motion_path_ground
138,2,él sale de la habitacón,salir,de,la habitaci√≥n,motion_path_ground
138,2,él sale del coche,salir,del,coche,motion_path_ground
138,2,sube las escaleras,subir,,las escaleras,motion_ground
140,2,&um en este (1)video &um él entra a [/] a su habitación ,entrar,a,su habitaci√≥n,motion_path_ground
140,2,en este (1)video &um Mr Bean entra a [/] a la fotomatón,entrar,a,la fotomat√≥n,motion_path_ground
140,2,y &um él sube en la cama,subir,en,la cama,motion_path_ground
140,2,y él (1)va a una otra lugar,ir,a,una otra lugar,motion_path_ground
140,2,y él (1)va muve [: (2)mueve] [*] lentamente ,mover,,,motion
140,2,y una otra persona cae en el suelo,caer,en,el suelo,motion_path_ground
141,2,&um entra su habitación,entrar,,su habitaci√≥n,motion_ground
141,2,&um y brinca en la calle .,brincar,en,la calle,motion_path_ground
141,2,él &um quiere &um subir un otro tren .,subir,,otro tren,motion_ground
141,2,y &um él entra la tienda,entrar,,la tienda,motion_ground
141,2,y &um entra la &um corredor ,entrar,,la corredor,motion_ground
141,2,y &um sale su habitación,salir,,su habitaci√≥n,motion_ground
141,2,y &um sí él sale su habitación ,salir,,su habitaci√≥n,motion_ground
141,2,y él es &um muy contenta a brincar &um en la cama,brincar,en,la cama,motion_path_ground
141,2,y Mr Bean corre &um del hombre,correr,del,hombre,motion_path_ground
141,2,pero él baila solo,bailar,,,motion
141,2,&um y sale el coche,salir,,el coche,motion_ground
142,2,y Mr Bean brinca &um ,brincar,,,motion
142,2,Mr Bean entra entra entrar entrar a su habi(taci√≥n) [/] habitaci√≥n,entrar,a,su habitaci√≥n,motion_path_ground
143,2,&um después de salir de su carro,salir,de,su carro,motion_path_ground
143,2,Mr Bean ha [/] ha llegado a un [//] unas escaleras ,llegar,a,unas escaleras,motion_path_ground
143,2,porque el tren está saliendo,salir,,,motion
143,2,y <está bailando> [/] está bailando,bailar,,,motion
145,2,el señor Bean salta en la cama para (1)ver,saltar,en,la cama,motion_path_ground
145,2,en que está bailando ,bailar,,,motion
145,2,señor Bean camina &um por el andén,caminar,por,el and√©n,motion_path_ground
145,2,y decide de entrar la tienda para comprar cosas,entrar,,la tienda,motion_ground
145,2,el hombre en el traje negro se cae al suelo ,caer,al,suelo,motion_path_ground
145,2,el señor Bean sube las escaleras con su maletín,subir,,las escaleras,motion_ground
145,2,el señor Bean sale de un coche con un bebé,salir,de,un coche,motion_path_ground
146,2,&um y él camina por por el andén,caminar,por,el and√©n,motion_path_ground
146,2,él salta en el andén,saltar,en,el and√©n,motion_path_ground
146,2,y él [/] él entró la tienda con un una xxx,entrar,,la tienda,motion_ground
146,2,y después de [/] de salir de su cama,salir,de,su cama,motion_path_ground
146,2,en este (1)video señor Bean entró su habitación &um por la puerta,entrar,,su habitai√≥n,motion_ground
146,2,&um en este (1)video Mr Bean entró un fotomatón,entrar,,un fotomat√≥n,motion_ground
146,2,en este (1)video señor Bean &um de [/] de salir &um de su carro,salir,de,su carro,motion_path_ground
147,2,&um Mr Bean sale la habitación,salir,,la habitaci√≥n,motion_ground
147,2,&um y entra en el &um edificio,entrar,en,el edificio,motion_path_ground
147,2,porque &um el tren &um sale sin Mr Bean,salir,,,motion
147,2,y baja en el cama,bajar,en,el cama,motion_path_ground
148,2,&um se√±or Bean &um sale [//] &um salió &um la habitación,salir,,la habitaci√≥n,motion_ground
148,2,&um se√±or Bean &um &um bailó en la plaza,bailar,en,la plaza,motion_path_ground
148,2,&um se√±or Bean &um camina de [//] &um del andén,caminar,del ,and√©n,motion_path_ground
148,2,&um señor Bean &um caminó &um en el centro comercial,caminar,en,el centro comercial,motion_path_ground
148,2,&um se√ñor Bean &um &um fue &um al la piscina,ir,al,la piscina,motion_path_ground
148,2,&um se√±or Bean &um fue a [/] a el &um fotomatón,ir,a,el fotomat√≥n,motion_path_ground
149,2,&um él sale su habitación,salir,,su habitaci√≥n,motion_ground
149,2,<en ese (1)video> [/] en es (2)video Mr Bean fui [//] fue a la fotomatón,ir,a,la fotomat√≥n,motion_path_ground
149,2,camina en el hotel ,caminar,en,el hotel,motion_path_ground
149,2,en ese (1)video el hombre ha cayó ha se cayó en el suelo,caer,en,el suelo,motion_path_ground
149,2,en este (1)video Mr Bean &um baile,bailar,,,motion
149,2,Mr Bean está caminando en el andén,caminar,en,el and√©n,motion_path_ground
149,2,&um señor Bean &um fue &um &um al <la escaleras> [//] las escaleras ,ir,al,las escaleras,motion_path_ground
149,2,y ha corrido a el [//] la tobogán,correr,a,la tobog√°n,motion_path_ground
149,2,y después &um sube las escaleras,subir,,las escaleras,motion_ground
149,2,y empie(ce) [/] empiece a &um subir &um el tobogán,subir,,el tobog√°n,motion_ground
149,2,y sí está está (1)volando,volar,,,motion
151,2,entonces entra la tienda para ir de compras,entrar,,la tienda,motion_ground
151,2,mientras que Mr Bean camina en la calle,caminar,en,la calle,motion_path_ground
151,2,Mr Bean camina afuera de una tienda,caminar,afuera de,una tienda,motion_path_ground
151,2,Mr Bean camina sobre un andén,caminar,sobre,un and√©n,motion_path_ground
151,2,Mr Bean empieza bailar en una plaza,bailar,en,una plaza,motion_path_ground
151,2,Mr Bean sale de su coche amarillo,salir,de,su coche,motion_path_ground
151,2,Mr Bean sale de su habitación,salir,de,su habitaci√≥n,motion_path_ground
151,2,que Mr Bean está saltando ,saltar,,,motion
151,2,y entra su habitación,entrar,,su habitaci√≥n,motion_ground
153,2,actualmente él baila sobre la calle y uno pie,bailar,sobre,la calle,motion_path_ground
153,2,él cae sobre el suelo ,caer,sobre,el suelo,motion_path_ground
153,2,él cambia [: camina] [*] en la tienda,caminar,en,la tienda,motion_path_ground
153,2,finalmente señor Bean baila,bailar,,,motion
153,2,señor Bean baia [/] baila en su cama ,bailar,en,su cama,motion_path_ground
153,2,señor Bean baila sobre el andén,bailar,sobre,el and√©n,motion_path_ground
153,2,señor Bean cambia [: camina] [*] sobre el piso ,caminar,sobre,el piso,motion_path_ground
153,2,señor Bean entra el fotomatón,entrar,,el fotomat√≥n,motion_ground
153,2,señor Bean llega en su habitación,llegar,en,su habitaci√≥n,motion_path_ground
153,2,señor Bean sale [/] sale <su carro> [//] su coche &um ,salir,,su coche,motion_ground
153,2,señor Bean sube los [//] las escaleras,subir,,las escaleras,motion_ground
154,2,aquí Mr Bean está saliendo de su habitación,salir,de,su habitaci√≥n,motion_path_ground
154,2,y &um al final él entra a la tienda,entrar,a,la tienda,motion_path_ground
154,2,y está &um escalando las escaleras,escalar,,las escaleras,motion_ground
154,2,y está brincando en un pie,brincar,,,motion
155,2,&um <señor Bean> [/] señor Bean salió de su coche,salir,de,su coche,motion_path_ground
155,2,salió del coche,salir,del,coche,motion_path_ground
155,2,se cayó al suelo,caer,al,suelo,motion_path_ground
155,2,se entró por la puerta,entrar,por,la puerta,motion_path_ground
155,2,señor Bean está caminando por el andén,caminar,por,el and√©n,motion_path_ground
155,2,señor Bean está caminando por el calle,caminar,por,el calle,motion_path_ground
155,2,señor Bean sube las escaleras,subir,,las escaleras,motion_ground
155,2,y bueno se salió del [/] del coche,salir,del,coche,motion_path_ground
155,2,y está (1)moviéndose,mover,,,motion
156,2,señor Bean entra un &um su habitación,entrar,,su habitaci√≥n,motion_ground
156,2,&um no pudo montar el tren &um sí,montar,,el tren,motion_ground
156,2,él está bailando &um,bailar,,,motion
156,2,y está caminando ,caminar,,,motion
156,2,y está saltando,saltar,,,motion
157,2,&um en ese (1)video Mr Bean camine a las escaleras,caminar,a,las escaleras,motion_path_ground
157,2,&um en esta (1)video Mr Bean &um camine en el calle ,caminar,en,el calle,motion_path_ground
157,2,&um en esta (1)video Mr Bean camine en el andén,caminar,en,el and√©n,motion_path_ground
157,2,&um en este (1)video Mr Bean camine a [/] a &um su habitación ,caminar,a,su habitaci√≥n,motion_path_ground
157,2,<porque Mr Bean>  [/] &um porque Mr Bean es camine en el andén,caminar,en,el and√©n,motion_path_ground
157,2,en ese (1)video Mr Bean corre &um en las escaleras,correr,en,las escaleras,motion_path_ground
157,2,en este (1)video Mr Bean &um camine [/] &um camine &um del &um coche,caminar,del,coche,motion_path_ground
157,2,en este (1)video Mr Bean camine de su habitación,caminar,de,su habitaci√≥n,motion_path_ground
157,2,Mr Bean &um baila en la calle &um en esta (1)video,bailar,en,la calle,motion_path_ground
157,2,Mr Bean corre al lado de la piscina,correr,al lado de,la piscina,motion_path_ground
157,2,y &um corre a un o una tobogán,correr,a,una tobog√°n,motion_path_ground
157,2,y él estaba caminando en la calle en la acera ,caminar,en,la calle,motion_path_ground
157,2,&um en este (1)video Mr Bean camine al lado &um de una tienda,caminar,al lado de,una tienda,motion_path_ground
157,2,y &um Mr Bean decide ir &um a la tienda,ir,a,la tienda,motion_path_ground
157,2,y posible Mr Bean &um &um no puede ir al tren en [/] &um en el tiempo,ir,al ,tren,motion_path_ground
157,2,y sí Mr Bean no &um camine,caminar,,,motion
127,3,señor Bean corre a un carretera,correr,a,un carretera,motion_path_ground
127,3,corre a la carretera,correr,a,la carretera,motion_path_ground
127,3,señor Bean corre con un perro,correr,,,motion
127,3,señor Bean camina +...,caminar,,,motion
127,3,señor Bean camina a los escalaras [: escaleras] [*],caminar,a,los escalaras [: escaleras] [*],motion_path_ground
127,3,&um y señor Bean camina a las escaleras muy muy alto # más alto del niño,caminar,a,las escaleras,motion_path_ground
127,3,que camina enfrente de señor Bean,caminar,enfrente de,se√±or Bean,motion_path_ground
128,3,&um señor Bean camina a la carretera,caminar,a,la carretera,motion_path_ground
128,3,<se√±or Bean camina a el calle uso un pie> [//] señor Bean camina al calle uso un pie,caminar,al,calle,motion_path_ground
128,3,un perro corre a la señor Bean,correr,a,la se√±or Bean,motion_path_ground
128,3,y señor Bean corre en la taquilla ,correr,en,la taquilla,motion_path_ground
128,3,y señor Bean entra a la taquilla,entrar,a,la taquilla,motion_path_ground
128,3,un perro corre a señor Bean,correr,a,se√±or Bean,motion_path_ground
128,3,y señor Bean entra a la taquilla,entrar,a,la taquilla,motion_path_ground
128,3,y entra en el laboratorio,entrar,en,el laboratorio,motion_path_ground
128,3,y entra en laboratorio,entrar,en,laboratorio,motion_path_ground
128,3,señor Bean corre a la gallina,correr,a,la gallina,motion_path_ground
129,3,y está moviendo por el piso ,mover,por,el piso,motion_path_ground
129,3,y por eso entró en el cuarto,entrar,en,el cuarto,motion_path_ground
129,3,&um además está &um saltando en la silla,saltar,en,la silla,motion_path_ground
129,3,&um señor Bean está &um corriendo por la carretera,correr,por,la carretera,motion_path_ground
129,3,&um señor Bean &um &um está &um corriendo de un perro,correr,de,un perro,motion_path_ground
129,3,que &um están &um caminando por esta parque,caminar,por,esta parque,motion_path_ground
129,3,&um señor Bean está entrando &um en la peluquería,entrar,en,la peluquer√≠a,motion_path_ground
129,3,y está saltando en la cama,saltar,en,la cama,motion_path_ground
130,3,&um además está &um saltando en la silla,saltar,en,la silla,motion_path_ground
130,3,&um Mr Bean corre en la carretera,correr,en,la carretera,motion_path_ground
130,3,&um o Mr Bean sale &um el coche amarillo,salir,,el coche,motion_ground
130,3,&um Mr Bean corre a una taquilla,correr,a,una taquilla,motion_path_ground
130,3,&um cuando Mr Bean se siente [: se sienta] [*] en la silla,sentar,en,la silla,motion_path_ground
130,3,&um el dentista cae en el piso,caer,en,el piso,motion_path_ground
130,3,&um Mr Bean &um camina entre un laboratorio de química,caminar,entre,un laboratorio,motion_path_ground
130,3,&um Mr Bean sale un fotomatón,salir,,un fotomat√≥n,motion_ground
130,3,&um pero ahora sale el fotomatón,salir,,un fotomat√≥n,motion_ground
130,3,&um Mr Bean corre entre muchas personas,correr,entre,muchas personas,motion_path_ground
130,3,&um Mr Bean caminó entre [//] en un peluquería,caminar,en,un peluquer√≠a,motion_path_ground
130,3,&um Mr Bean salta encima de un [//] una cama,saltar,encima de,una cama,motion_path_ground
130,3,Mr Bean <se sient(a)> [//] se siente [: se sienta] [*] en una silla,sentar,en,una silla,motion_path_ground
130,3,&um Mr Bean salta en la silla,saltar,en,la silla,motion_path_ground
132,3,&um Mr Bean sale de su coche,salir,de,su coche,motion_path_ground
132,3,y Mr Bean &um entra una taquilla ,entrar,,una taquilla,motion_ground
132,3,para esconder del perro,esconder,del,perro,motion_path_ground
132,3,el dentista &um se cae,caer,,,motion
132,3,una m√°quina se cae &um encima del dentista,caer,encima del,dentista,motion_path_ground
132,3,y Mr Bean entra por la puerta,entrar,por,la puerta,motion_path_ground
132,3,&um Mr Bean sube las escaleras,subir,,las escaleras,motion_ground
132,3,&um Mr Bean sale del fotomatón,salir,del,fotomat√≥n,motion_path_ground
132,3,&um Mr Bean entra por la puerta abierta en &um +..,entrar,por,la puerta,motion_path_ground
132,3,entra en una peluquería,entrar,en,una peluquer√≠a,motion_path_ground
132,3,&um Mr Bean salta por la cama &um,saltar,por,la cama,motion_path_ground
132,3,salta <por la cama> [//] encima de la cama,saltar,encima de,la cama,motion_path_ground
135,3,&um Mr Bean está saltando &um en una silla,saltar,en,una silla,motion_path_ground
135,3,y <se salido de> [//] &um &um se [/] se sale de [//] del coche,salir,del,coche,motion_path_ground
135,3,pero Mr Bean se entra una taquilla para (1)evitar el perro,entrar,,una taquilla,motion_ground
135,3,que no puede escapar,escapar,,,motion
135,3,el billete está (1)volando por el aire,volar,por,el aire,motion_path_ground
135,3,la dentista de Mr Bean se cae &um en [/] <en piso> [/] en piso,caer,en,piso,motion_path_ground
135,3,Mr Bean se entra un laboratorio de química,entrar,,un laboratorio,motion_ground
135,3,Mr Bean está subiendo las escaleras de [//] &um sobre una piscina,subir,,las escaleras,motion_ground
135,3,Mr Bean se sale del foto(matón) [/] fotomatón,salir,del,fotomat√≥n,motion_path_ground
135,3,Mr Bean se entra en <una peluquería> [/] una peluquería,entrar,en,una peluquer√≠a,motion_path_ground
135,3,Mr Bean está saltando sobre la cama en su habitaci√≥n,saltar,sobre,la cama,motion_path_ground
135,3,Mr Bean está saltando sobre la silla,saltar,sobre,la silla,motion_path_ground
135,3,Mr Bean está corriendo por una carretera,correr,por,una carretera,motion_path_ground
135,3,&um un perro está corriendo hacia Mr Bean,correr,hacia,Mr Bean,motion_path_ground
135,3,Mr Bean está corriendo lado al lado ,correr,lado al lado,,motion_path
135,3,Mr Bean está caminando en el andén,caminar,en,el and√©n,motion_path_ground
136,3,Mr Bean está corriendo &um para o hacia una gallina,correr,hacia,una gallina,motion_path_ground
136,3,señor Bean corre a la taquilla con su perro,correr,a,la taquilla,motion_path_ground
136,3,<señor Bean> [/] señor Bean camina,caminar,,,motion
136,3,señor Bean camina # camina en el andén [/] andén,caminar,en,el and√©n,motion_path_ground
136,3,señor Bean corre [/] &um corre de un billete,correr,de,un billete,motion_path_ground
136,3,y señor Bean corre para el billete,correr,para,el billete,motion_path_ground
136,3,se√±or Bean llega el fotomatón,llegar,,el fotomat√≥n,motion_ground
136,3,señor Bean corre para una gallina,correr,para,una gallina,motion_path_ground
136,3,y (1)va entre la tienda,ir,entre,la tienda,motion_path_ground
137,3,señor Bean corre en la carretera,correr,en,la carretera,motion_path_ground
137,3,que señor Bean salga a taquilla,salir,a,taquilla,motion_path_ground
137,3,señor Bean camina para el puesto rojo y por el andén ,caminar,para,el puesto,motion_path_ground
137,3,y camina en el laboratorio ,caminar,en,el laboratorio,motion_path_ground
137,3,señor Bean escala las escalaras [: escaleras] [*] para <el piso> [/] el piso encima de agua # arriba de agua ,escalar,, las escalaras [: escaleras] [*],motion_ground
137,3,se√±or Bean sale el fotomatón ,salir,,el fotomat√≥n,motion_ground
137,3,en este clip señor Bean está corriendo para la gallina,correr,para,la gallina,motion_path_ground
137,3,señor Bean camina en un salón,caminar,en,un sal√≥n,motion_path_ground
137,3,camin(a) [//] caminiendo [: caminando] [*] para la coche en un pie,caminar,para,la coche,motion_path_ground
137,3,y señor Bean está corriendo para el billete,correr,para,el billete,motion_path_ground
137,3,señor Bean está saltando en su cama,saltar,en,su cama,motion_path_ground
138,3,<Mr Bean> [/] Mr Bean corre en la carretera,correr,en,la carretera,motion_path_ground
138,3,se sale de la coche,salir,de,la coche,motion_path_ground
138,3,entra en el laboratorio ,entrar,en,el laboratorio,motion_path_ground
138,3,camina en la peluquería,caminar,en,la peluquer√≠a,motion_path_ground
138,3,está correr del perro,correr,del,perro,motion_path_ground
140,3,está [/] está escalando las escaleras,escalar,,las escaleras,motion_ground
140,3,Mr Bean &um sale su coche,salir,,su coche,motion_ground
141,3,y él entra a la peculería [: peluquería] [*],entrar,a,la peculer√≠a [: peluquer√≠a] [*],motion_path_ground
141,3,y &um él corre,correr,,,motion
141,3,pero Mr Bean &um sale el coche &um para &um hacer &um algo &um,salir,,el coche,motion_ground
141,3,&um Mr Bean corre en [//] &um al parque con un perro ,correr,al,parque,motion_path_ground
141,3,Mr Bean &um camina,caminar,,,motion
141,3,y entonces él entra la clase ,entrar,,la clase,motion_ground
141,3,y él corre &um cerca de muchas personas,correr,cerca de,muchas personas,motion_path_ground
141,3,y entra la peluquería &um para corta su pelo,entrar,,la peluquer√≠a,motion_ground
141,3,Mr Bean &um brinca en la cama,brincar,en,la cama,motion_path_ground
142,3,porque él brinca en la cama,brincar,en,la cama,motion_path_ground
142,3,Mr Bean cama [: camina] [*] en carretera,caminar,en,carretera,motion_path_ground
142,3,entonces Mr Bean (1)va al fotomatón,ir,al,fotomt√≥n,motion_path_ground
142,3,&um Mr Bean &um (1)va a la peluquería,ir,a,la peluquer√≠a,motion_path_ground
143,3,Mr Bean &um sienta en la silla en [/] en la dormi(torio) con [^ eng: TV],sentar,en,la silla,motion_path_ground
143,3,Mr Bean se salió de su carro,salir,de,su carro,motion_path_ground
143,3,la nota está (1)volando en el (2)viento,volar,en,el viento,motion_path_ground
143,3,Mr Bean monta las escaleras,montar,,las escaleras,motion_ground
143,3,y entonces &um entrar la piscina,entrar,,la piscina,motion_ground
143,3,Mr Bean está corriendo en una carretera,correr,en,una carretera,motion_path_ground
143,3,Mr Bean está corriendo,correr,,,motion
143,3,está escondiendo en una taquilla,esconder,en,una taquilla,motion_path_ground
143,3,está corriendo &um por el centro de la ciudad,correr,por,el centro de la ciudad,motion_path_ground
145,3,aunque Mr Bean está corriendo,correr,,,motion
145,3,él se cae en el piso,caer,en,el piso,motion_path_ground
147,3,Mr Bean se escapa,escapar,,,motion
147,3,&um sale la [//] el coche,salir,,el coche,motion_ground
147,3,&um Mr Bean camina &um &um en el andén ,caminar,en,el and√©n,motion_path_ground
147,3,él entra en la peluquería,entrar,en,la peluquer√≠a,motion_path_ground
148,3,&um señor Bean camina sobre &um la carretera,caminar,sobre,la carretera,motion_path_ground
148,3,señor Bean &um sale su coche,salir,,su coche,motion_ground
148,3,&um señor Bean sale la fotomatón,salir,,la fotomat√≥n,motion_ground
148,3,&um señor Bean &um corre a la gallina,correr,a,la gallina,motion_path_ground
149,3,sí solamente Mr Bean sale su coche,salir,,su coche,motion_ground
149,3,él sale el fotomatón,salir,,el fotomat√≥n,motion_ground
151,3,Mr Bean corre &um <en un> [//] en una carretera,correr,en,una carretera,motion_path_ground
151,3,&um Mr Bean corre de prisa en una carretera,correr,en,una carretera,motion_path_ground
151,3,Mr Bean sale de un coche (1)verde,salir,de,un coche,motion_path_ground
151,3,y se cayó al piso,caer,al,piso,motion_path_ground
151,3,Mr Bean sale de un fotomatón ,salir,de,un fotomat√≥n,motion_path_ground
151,3,entonces entra un peluquería,entrar,,un peluquer√≠a,motion_ground
151,3,Mr Bean brinca en su silla,brincar,en,su silla,motion_path_ground
153,3,señor Bean camina sobre el carretera,caminar,sobre,el carretera,motion_path_ground
153,3,señor Bean sale del coche &um,salir,del,coche,motion_path_ground
153,3,la dentista se cayó sobre el piso,caer,sobre,el piso,motion_path_ground
153,3,y el aparato se cayó sobre la dentista,caer,sobre,la dentista,motion_path_ground
153,3,señor Bean sube las escaleras para la piscina,subir,,las escaleras,motion_ground
153,3,el gallina se escapa de señor Bean,escapar,de,se√±or Bean,motion_path_ground
153,3,señor Bean baila sobre la silla ,bailar,sobre,la silla,motion_path_ground
154,3,señor Bean <se escapa> [//] se está escapado [: escapando] [*] del perro,escapar,del,perro,motion_path_ground
154,3,&um Mr Bean está caminando por el calle,caminar,por,el calle,motion_path_ground
154,3,y está brincando,brincar,,,motion
155,3,ero señor Bean sale del coche,salir,del,cocje,motion_path_ground
155,3,señor Bean sale del fotomatón,salir,del,fotomat√≥n,motion_path_ground
155,3,y entra a la peluquería,entrar,a,la peluquer√≠a,motion_path_ground
155,3,y señor Bean está andando,andar,,,motion
155,3,señor Bean &um está caminando,caminar,,,motion
155,3,y está saltando en la cama,saltar,en,la cama,motion_path_ground
156,3,la gallina escapó,escapar,,,motion
157,3,en este (1)video Mr Bean corre a la carretera ,correr,a,la carretera,motion_path_ground
157,3,&um en este (1)video Mr Bean &um (2)va a la carretera &um después un carro &um,ir,a,la carretera,motion_path_ground
157,3,&um en este (1)video Mr Bean camina en el andén,caminar,en,el and√©n,motion_path_ground
157,3,&um Mr Bean corre a la &um billete,correr,a,la billete,motion_path_ground
157,3,Mr Bean &um corre a la billete,correr,a,la billete,motion_path_ground
157,3,en este (1)video Mr Bean camina en un laboratorio &um de química,caminar,en,un laboratorio,motion_path_ground
157,3,&um Mr Bean camina &um en el laboratorio de química,caminar,en,el laboratorio,motion_path_ground
157,3,&um en este (1)video Mr Bean &um (2)va a las escaleras &um probablemente,ir,a,las escaleras,motion_path_ground
157,3,pero (1)va en la piscina,ir,en,la piscina,motion_path_ground
157,3,&um y el niño (1)va &um a la piscina ,ir,a,la piscina,motion_path_ground
157,3,en este (1)video Mr Bean &um camine de un fotomat√≥n,caminar,de,un fotomat√≥n,motion_path_ground
157,3,en esta (1)video Mr Bean corre de una gallina,correr,de,una gallina,motion_path_ground
157,3,y Mr Bean corre de una gallina,correr,de,una gallina,motion_path_ground
157,3,en este (1)video Mr Bean camine en una peluqueria,caminar,en,una peluquer√≠a,motion_path_ground
157,3,que Mr Bean corrienda [: corriendo] [*] [/] corrienda [: corriendo] [*] en la carretera,correr,en,la carretera,motion_path_ground
120,4,&um señor Bean &um corre en el parque y &um busca para una cosa en el parque,correr,en,el parque,motion_path_ground
120,4,&um Mr Bean &um corre &um cerca del [//] de la manta ,correr,cerca de,la manta,motion_path_ground
120,4,&um Mr Bean corre de <un (1)oveja> [//] una (2)oveja,correr,de,un oveja,motion_path_ground
120,4,&um el hombre &um cae al [/] al suelo &um y &um tiene duele,caer,al,suelo,motion_path_ground
120,4,&um Mr Bean trepa las escaleras ,trepar,,las escaleras,motion_ground
120,4,&um Mr Bean corre al edificio ,correr,al,edificio,motion_path_ground
120,4,&um Mr Bean &um salta &um arriba de un libro &um ,saltar,arriba de,un libro,motion_path_ground
121,4,&um se√±or Bean corre en el parque,correr,en,el parque,motion_path_ground
121,4,&um se√±or Bean sale el coche y cerra [: cierra] [*] la puerta,salir,,el coche,motion_ground
121,4,&um se√±or Bean está &um saltando en la calle con un [//] uno pie # √©l [/] √©l salió su zapato en el coche,saltar,en,la calle,motion_path_ground
121,4,&um se√±or Bean camina en el medio del calle,caminar,en ,el medio del calle,motion_path_ground
121,4,&um un hombre se cayó a el suelo,caer,a,el suelo,motion_path_ground
121,4,&um se√±or Bean corre en las escaleras,correr,en,las escaleras,motion_path_ground
121,4,&um se√±or Bean salta en el libro,saltar,en,el libro,motion_path_ground
124,4,el señor Bean corre en la calle del [//] de la parque,correr,en,la calle,motion_path_ground
124,4,el sombrero (1)vuela en el cielo,volar,en,el cielo,motion_path_ground
125,4,Mr Bean sube las escaleras con una maleta,subir,,las escaleras,motion_ground
126,4,Mr Bean sale de su coche &um,salir,de,su coche,motion_path_ground
126,4,&um está corriendo cerca de la manta,correr,cerca de,la manta,motion_path_ground
126,4,um Mr Bean está corriendo en un parque,correr,en,un parque,motion_path_ground
126,4,&um # está corriendo,correr,,,motion
127,4,&um él corre en la parque,correr,en,la parque,motion_path_ground
127,4,&um señor Bean corre en la calle,correr,en,la calle,motion_path_ground
127,4,y entre [: entra] [*] en una sala,entrar,en,una sala,motion_path_ground
127,4,y entra en la sala,entrar,en,la sala,motion_path_ground
127,4,y él corre y corre &um a la manta,correr,a,la manta,motion_path_ground
127,4,señor Bean corre,correr,,,motion
127,4,señor Bean corre,correr,,,motion
127,4,y entre [: entra] [*] en el edificio,entrar,en,el edificio,motion_path_ground
128,4,señor Bean corre en el parque,correr,en,el parque,motion_path_ground
128,4,señor Bean entra a la sala,entrar,a,la sala,motion_path_ground
128,4,señor Bean corre cerca de la manta,correr,cerca de,la manta,motion_path_ground
128,4,señor Bean entra a la habitación,entrar,a,la habitaci√≥n,motion_path_ground
128,4,señor Bean corre a las escaleras,correr,a,las escaleras,motion_path_ground
128,4,no señor Bean corre de el perro,correr,de,el perro,motion_path_ground
128,4,y el perro corre a señor Bean,correr,a,se√±or Bean,motion_path_ground
128,4,señor Bean corre del perro,correr,del,perro,motion_path_ground
130,4,Mr Bean corre en el parque,correr,en,el parque,motion_path_ground
130,4,Mr Bean sale el coche ,salir,,el coche,motion_ground
130,4,Mr Bean corre en calle,correr,en,calle,motion_path_ground
130,4,&um Mr Bean pasea entre los coches,pasear,entre,los coches,motion_path_ground
130,4,&um el sombrero cae en cielo,caer,en,cielo,motion_path_ground
130,4,el hombre &um cae en suelo ahora,caer,en,suelo,motion_path_ground
130,4,y entre [: entra] [*] un habitación,entrar,,un habitaci√≥n,motion_ground
130,4,Mr Bean escala la escaleras,escalar,,la escaleras,motion_ground
130,4,y &um Mr Bean sale el buzón,salir,,el buz√≥n,motion_ground
130,4,Mr Bean corre en un edificio,correr,en,un edificio,motion_path_ground
130,4,Mr Bean salta encima del libro,saltar,encima del,libro,motion_path_ground
132,4,&um Mr Bean corre por el parque &um <en una> [//] en un calle o +‚Ä¶,correr,por,el parque,motion_path_ground
132,4,&um Mr Bean entra por la puerta en una sala,entrar,por,la puerta,motion_path_ground
132,4,&um el sombrero &um (1)vuela en el cielo ,volar,en,el cielo,motion_path_ground
132,4,&um Mr Bean entra por la puerta en &um una habitación,entrar,por,la puerta,motion_path_ground
132,4,&um Mr Bean sube las escaleras &um con una maleta en su mano,subir,,las escaleras,motion_ground
132,4,y Mr Bean &um corre,correr,,,motion
132,4,y Mr Bean corre hacia un edificio,correr,hacia ,un edificio,motion_path_ground
132,4,&um está [/] está saltando &um en un libro,saltar,en,un libro,motion_path_ground
135,4,y &um está corriendo por la calle cerca de mucha gente,correr,por,la calle,motion_path_ground
135,4,Mr Bean entra la sala,entrar,,la sala,motion_ground
135,4,&um él entra por la puerta,entrar,por,la puerta,motion_path_ground
135,4,y Mr Bean está corriendo &um cerca de la manta &um en círculos,correr,cerca de,la manta,motion_path_ground
135,4,Mr Bean camina por la calle entre &um <muchos carros> [/] muchos coches,caminar,por,la calle,motion_path_ground
135,4,&um y Mr Bean camina hacia un arco,caminar,hacia ,un arco,motion_path_ground
135,4,&um el sombrero de Mr Bean está (1)volando &um por el cielo,volar,por,el cielo,motion_path_ground
135,4,Mr Bean entra &um dentro de su habitación ,entrar,denro,de su habitaci√≥n,motion_path_ground
135,4,y &um Mr Bean sube las escal(eras) [/] escaleras ,subir,,las escaleras,motion_ground
135,4,Mr Bean sale de un buzón,salir,de,un buz√≥n,motion_path_ground
135,4,y Mr Bean entra &um por la puerta de [//] &um del edificio,entrar,por,la puerta,motion_path_ground
135,4,y está salt(ando) [/] saltando &um sobre el libro,saltar,sobre,el libro,motion_path_ground
135,4,Mr Bean está corriendo por el parque,correr,por,el parque,motion_path_ground
135,4,y está corriendo hacia su zapato otro,correr,hacia ,un zapato,motion_path_ground
136,4,y el perro está corriendo &um hacia Mr Bean,correr,hacia ,Mr Bean,motion_path_ground
136,4,&um señor Bean &um corre por el parque,correr,por,el parque,motion_path_ground
136,4,&um señor Bean &um salía [/] salía el coche,salir,,el coche,motion_ground
136,4,señor Bean &um corriá en la calle con un pie,correr,en ,la calle,motion_path_ground
136,4,&um corriá para el coche con el zapato,correr,para,el coche,motion_path_ground
136,4,<y entra> [//] y entró la sala,entrar,,la sala,motion_ground
136,4,se√±or Bean corrió &um al lado la manta en &um +...,correr,al lado,la manta,motion_path_ground
136,4,se√±or Bean camina con su maleta en el medio de la calle al lado muchos coches,caminar,en,el medio de la calle,motion_path_ground
136,4,se√±or Bean corrió &um en las escaleras con una maleta,correr,en,las escaleras,motion_path_ground
136,4,se√±or Bean &um salió un buzón,salir,,un buz√≥n,motion_ground
136,4,<señor Bean> [/] &um señor Bean corrió del perro,correr,del,perro,motion_path_ground
136,4,<el perro> [/] &um el perro corrió para señor Bean,correr,para,se√±or Bean,motion_path_ground
136,4,señor Bean &um salta en un libro,saltar,en,un libro,motion_path_ground
137,4,y señor Bean se (1)levanta,levantar,,,motion
137,4,y sale la coche,salir,,la coche,motion_ground
137,4,y camina para la casa,caminar,para,la casa,motion_path_ground
137,4,y camina por el cuarto,caminar,por,el cuerto,motion_path_ground
137,4,y señor Bean camina por la carretera,caminar,por,la carretera,motion_path_ground
137,4,el perro corre para señor Bean,correr,para,se√±or Bean,motion_path_ground
137,4,así que él corre para un edificio,correr,para,un edificio,motion_path_ground
137,4,señor Bean está corriendo por la parque,correr,por,la parque,motion_path_ground
137,4,señor Bean está caminando por la calle ,caminar,por,la calle,motion_path_ground
137,4,porque está caminando por la calle,caminar,por,la calle,motion_path_ground
140,4,en este corto se√±or Bean está corriendo en un festival,correr,en,un festival,motion_path_ground
140,4,y &um y entra la sala,entrar,,la sala,motion_ground
140,4,y él &um entra un [/] un edificio,entrar,,un edificio,motion_ground
140,4,él corre,correr,,,motion
141,4,y [/] &um y entra &um la sala,entrar,,la sala,motion_ground
141,4,&um en este (1)video &um Mr Bean &um entra a la habitación &um con (2)llave ,entrar,a,la habitaci√≥n,motion_path_ground
141,4,&um en este (1)video Mr Bean &um corre a las escaleras,correr,a,las escaleras,motion_path_ground
141,4,&um en este (1)video Mr Bean &um &um corre &um en el calle,correr,en,el calle,motion_path_ground
142,4,Mr Bean corre en el parque,correr,en,el parque,motion_path_ground
142,4,él llega de coche,llegar,de,coche,motion_path_ground
142,4,Mr Bean &um entra de sala,entrar,de,sala,motion_path_ground
142,4,Mr Bean entra al habitación,entrar,al,habitaci√≥n,motion_path_ground
143,4,en este (1)video Mr Bean sale de su coche,salir,de,su coche,motion_path_ground
143,4,y está corriendo &um acerca de una manta,correr,acerca de,una manta,motion_path_ground
143,4,y después él <se cae al suelo> [//] se cae en el suelo,caer,en,el cielo,motion_path_ground
145,4,entonces corre &um por el parque,correr,por,el parque,motion_path_ground
145,4,<el señor Bean> [/] el señor Bean &um sale de la tienda con zapatos,salir,de,la tienda,motion_path_ground
145,4,y entra la sala para explorar,entrar,,la sala,motion_ground
145,4,y él corre sobre su manta roja y blanca,correr,sobre,su manra,motion_path_ground
145,4,el hombre en el traje negro se cae &um para el suelo,caer,para,el suelo,motion_path_ground
145,4,y entra la sala para explorar ,entrar,,la sala,motion_ground
145,4,√©l se√±or Bean corre para el edificio para estar seco,correr,para,el edificio,motion_path_ground
147,4,&um Mr Bean &um sale su coche &um en <el campo de> [//] &um el campo rural,salir,,su coche,motion_ground
147,4,Mr Bean &um entra en una habitación o cuarto de uno [//] un hotel,entrar,en,una habitaci√≥n,motion_path_ground
147,4,y cae en el suelo,caer,en,el suelo,motion_path_ground
147,4,Mr Bean &um corre [/] corre fuera de [//] del perro,correr,fuera del,perro,motion_path_ground
148,4,&um señor Bean &um &um corre en el parque,correr,en,el parque,motion_path_ground
148,4,y sale <la coche> [//] el coche,salir,,el coche,motion_ground
148,4,señor Bean corre alrededor &um la manta,correr,alrededor,la manta,motion_path_ground
148,4,señor Bean camina en el calle,caminar,en,el calle,motion_path_ground
148,4,el perro corre a señor Bean,correr,a,se√±or Bean,motion_path_ground
148,4,&um señor Bean corre a el edificio,correr,a,el edificio,motion_path_ground
149,4,&um señor Bean salta en un libro en el parque,saltar,en,un libro,motion_path_ground
149,4,&um en este (1)video &um Mr Bean camina a las escaleras,caminar,a,las escaleras,motion_path_ground
149,4,y está saltando a [/] a [/] a la coche,saltar,a,la coche,motion_path_ground
151,4,Mr Bean sale de su coche,salir,de,su coche,motion_path_ground
151,4,Mr Bean entra a una sala ,entrar,a,una sala,motion_path_ground
151,4,Mr Bean corre alrededor de la manta,correr,alrededor de ,la manta,motion_path_ground
153,4,señor Bean se escapa un insecto,escapar,,un insecto,motion_ground
153,4,señor Bean se cayó en el saco,caer,en,el saco,motion_path_ground
153,4,pero él sale el buzón,salir,,el buz√≥n,motion_ground
154,4,y entre [: entrar] [*] la sala,entrar,,la sala,motion_ground
154,4,sombrero está como escalando hasta al cielo,escalar,hasta al,cielo,motion_path_ground
154,4,y inmediatamente cae al suelo,caer,al,suelo,motion_path_ground
154,4,porque se cayó,caer,,,motion
154,4,aquí Mr Bean está escalando las escaleras,escalar,,las escaleras,motion_ground
154,4,cuando sale del buzón,salir,del,buz√≥n,motion_path_ground
154,4,y Mr Bean está corriendo afuera,correr,afuera,,motion_path
154,4,y está corriendo,correr,,,motion
154,4,&um cuando está escalando las escaleras,escalar,,las escaleras,motion_ground
155,4,y está corriendo hasta un edificio,correr,hasta,un edificio,motion_path_ground
155,4,y &um <sale de la coche> [//] &um sale del coche,salir,del,coche,motion_path_ground
155,4,y entro [/] entr√© [//] entra [/] entra la sala,entrar,,la sala,motion_ground
155,4,y entonces entra la habitación,entrar,,la habitaci√≥n,motion_ground
155,4,señor Bean sube las escaleras en este (1)video,subir,,las escaleras,motion_ground
155,4,señor Bean sale de un buzón,salir,de,un buz√≥n,motion_path_ground
155,4,y salí [//] sale del buzón,salir,del,buz√≥n,motion_path_ground
155,4,se√±or Bean entra el edificio,entrar,,el edificio,motion_ground
155,4,y está corriendo,correr,,,motion
156,4,después Mr Bean sale el coche,salir,,el coche,motion_ground
156,4,y &um se cae al suelo,caer,al ,suelo,motion_path_ground
156,4,y entra un edificio &um <con su> [//] con un parte de su traje encima de su cabeza,entrar,,un edificio,motion_ground
156,4,y corre hacia el edificio ,correr,hacia ,el edificio,motion_path_ground
156,4,señor Bean está caminando,caminar,,,motion
157,4,&um esta subiendo las escaleras &um de un xxx,subir,,las escaleras,motion_ground
157,4,&um en este (1)video Mr Bean llega a su coche,llegar,a,su coche,motion_path_ground
157,4,en esta (1)video Mr Bean corre &um al lado de la manta,correr,al lado de,la manta,motion_path_ground
157,4,pero Mr Bean corre [/] &um corre al lado de la manta,correr,al lado de,la manta,motion_path_ground
157,4,y &um camina Mr Bean camina muy cerca de muchas coches,caminar,cerca de,muchas coches,motion_path_ground
157,4,y camina en la calle,caminar,en,la calle,motion_path_ground
157,4,y [/] &um y corre en el andén,correr,en,el and√©n,motion_path_ground
157,4,&um en esta (1)video Mr Bean corre &um en un edificio,correr,en,un edificio,motion_path_ground
157,4,pero Mr Bean &um camine [/] &um camine usando &um solamente un pie,caminar,,,motion
157,4,&um y est√° &um corriendo en la calle &um en un pie,correr,en,la calle,motion_path_ground
157,4,pero &um el perro &um está corriendo con Mr Bean,correr,,,motion